{
  "logistic_regression": {
    "threshold": 0.25,
    "precision": 0.9224137931034483,
    "recall": 0.8629032258064516,
    "f1": 0.8916666666666667,
    "roc_auc": 0.9974766775317523,
    "pr_auc": 0.9558239047183004
  },
  "lstm": {
    "threshold": 0.25,
    "precision": 0.6511627906976745,
    "recall": 0.6774193548387096,
    "f1": 0.6640316205533597,
    "roc_auc": 0.9753259525682815,
    "pr_auc": 0.7127638170617719
  }
}